party,lok_no,cosine,n_man_words,n_q_words,n_q_total
BJP,16,0.19134257763537615,3144,9644,96933
BJP,17,0.09632340569999821,2589,7380,69261
BJP,18,0.16863208207998664,5044,4847,32489
INC,16,0.13907810157956713,2489,4475,22554
INC,17,0.11987631762262402,3407,4627,24050
INC,18,0.12991637649729257,2789,3565,15952
DMK,18,0.22632276568687665,2334,320,593
