party,lok_no,cosine,n_man_words,n_q_words,n_q_total
BJP,16,0.23905373698345458,2375,7988,78845
BJP,17,0.22508067023937414,1908,6042,54964
BJP,18,0.22257089273157266,1930,4038,27054
INC,16,0.20660785251720903,1964,3736,18351
INC,17,0.18265495620634886,2424,3841,19466
INC,18,0.20192401872640414,2077,3001,13254
DMK,18,0.06547628659247512,1688,295,496
