party,lok_no,cosine,n_man_words,n_q_words,n_q_total
BJP,16,0.22201977498618958,2401,8577,86298
BJP,17,0.1779103413854827,1939,6637,61832
BJP,18,0.20920118637595284,1959,4398,29491
INC,16,0.15261998375768088,1994,4018,20081
INC,17,0.138363238925367,2457,4134,21453
INC,18,0.15395632323136982,2101,3244,14399
DMK,18,0.16328164266458228,1733,302,541
