party_family,dim1,dim2,n,dim1_sd
BJD,0.0020221237706010077,5.940621496464662e-4,6,NA
BJP,0.0015771195351371092,0.002897038170124274,22,NA
INC,0.0017507070158098465,3.4401340380411114e-4,29,NA
Left,0.002222446653488231,2.412080540665077e-4,5,NA
Other,0.00151224783678742,-1.9067435077644231e-4,9,NA
