K,coherence,exclusivity
10,-17.131874522579064,9.13750057438698
15,-17.826011945711617,9.184305478181972
20,-17.821751525421647,9.26251804388075
25,-21.07644887774602,9.344618403658028
