topic_id,n,label,share,all_n,all_share,excess
7,1,defence / steel / textile,0.5,168,0.048484848484848485,0.45151515151515154
17,1,courts / court / high courts,0.5,73,0.02106782106782107,0.47893217893217893
